rank,accuracy,n_mfcc,n_fft,win_len,hop_len,n_mels,delta,delta2,gmm_comp,gmm_cov
1,100.00,13,512,512,200,26,True,True,4,diag
2,100.00,13,1024,512,200,26,True,True,4,diag
3,100.00,16,512,400,200,26,True,True,4,diag
4,100.00,16,512,400,200,32,True,True,4,diag
5,100.00,16,512,512,200,26,True,True,4,diag
6,100.00,16,1024,400,200,26,True,True,4,diag
7,100.00,16,1024,400,200,32,True,True,4,diag
8,100.00,16,1024,512,200,26,True,True,4,diag
9,97.50,13,512,400,200,26,True,True,4,diag
10,97.50,13,512,512,200,32,True,True,4,diag
11,97.50,13,1024,400,200,26,True,True,4,diag
12,97.50,13,1024,512,200,32,True,True,4,diag
13,97.50,16,512,400,200,26,True,False,4,diag
14,97.50,16,512,400,200,32,True,False,4,diag
15,97.50,16,512,512,160,32,True,False,4,diag
16,97.50,16,512,512,200,26,True,False,4,diag
17,97.50,16,512,512,200,32,True,False,4,diag
18,97.50,16,512,512,200,32,True,True,4,diag
19,97.50,16,1024,400,160,32,True,False,4,diag
20,97.50,16,1024,400,200,26,True,False,4,diag
21,97.50,16,1024,400,200,32,True,False,4,diag
22,97.50,16,1024,512,160,32,True,False,4,diag
23,97.50,16,1024,512,160,32,True,True,4,diag
24,97.50,16,1024,512,200,26,True,False,4,diag
25,97.50,16,1024,512,200,26,True,False,8,diag
26,97.50,16,1024,512,200,26,True,True,8,diag
27,97.50,16,1024,512,200,32,True,False,4,diag
28,97.50,16,1024,512,200,32,True,True,4,diag
29,97.50,20,512,512,200,26,True,False,4,diag
30,97.50,20,512,512,200,32,True,False,12,diag
31,97.50,20,512,512,200,32,True,True,4,diag
32,97.50,20,1024,400,200,32,True,True,4,diag
33,97.50,20,1024,512,200,26,True,False,4,diag
34,97.50,20,1024,512,200,26,True,True,4,diag
35,97.50,20,1024,512,200,32,True,True,4,diag
36,95.00,13,512,400,160,26,True,True,12,diag
37,95.00,13,512,400,160,32,True,True,12,diag
38,95.00,13,512,400,200,26,True,False,4,diag
39,95.00,13,512,400,200,32,True,True,4,diag
40,95.00,13,512,512,160,26,True,False,4,diag
41,95.00,13,512,512,160,32,True,False,4,diag
42,95.00,13,512,512,160,32,True,True,4,diag
43,95.00,13,512,512,200,26,True,False,4,diag
44,95.00,13,512,512,200,32,True,False,4,diag
45,95.00,13,512,512,200,32,True,False,12,diag
46,95.00,13,512,512,200,32,True,True,12,diag
47,95.00,13,1024,400,160,26,True,True,12,diag
48,95.00,13,1024,400,200,26,True,False,4,diag
49,95.00,13,1024,400,200,32,True,True,4,diag
50,95.00,13,1024,512,160,26,True,False,4,diag
51,95.00,13,1024,512,160,32,True,True,4,diag
52,95.00,13,1024,512,200,26,True,True,12,diag
53,95.00,13,1024,512,200,32,True,True,8,diag
54,95.00,16,512,400,160,32,True,False,4,diag
55,95.00,16,512,400,160,32,True,True,4,diag
56,95.00,16,512,400,160,32,True,True,12,diag
57,95.00,16,512,400,200,26,True,False,12,diag
58,95.00,16,512,400,200,26,True,True,12,diag
59,95.00,16,512,400,200,32,True,True,8,diag
60,95.00,16,512,512,160,32,True,True,8,tied
61,95.00,16,512,512,200,26,True,False,8,diag
62,95.00,16,512,512,200,26,True,True,8,diag
63,95.00,16,512,512,200,26,True,True,8,tied
64,95.00,16,512,512,200,32,True,False,12,diag
65,95.00,16,512,512,200,32,True,True,12,diag
66,95.00,16,512,512,200,32,True,True,12,tied
67,95.00,16,1024,400,160,32,True,True,4,diag
68,95.00,16,1024,400,200,26,True,True,8,diag
69,95.00,16,1024,400,200,32,True,True,8,diag
70,95.00,16,1024,512,200,26,True,True,8,tied
71,95.00,16,1024,512,200,26,True,True,12,diag
72,95.00,20,512,400,160,26,True,False,4,diag
73,95.00,20,512,400,160,26,True,True,4,diag
74,95.00,20,512,400,160,32,True,True,4,diag
75,95.00,20,512,400,200,26,True,False,4,diag
76,95.00,20,512,400,200,32,True,False,4,diag
77,95.00,20,512,400,200,32,True,True,8,diag
78,95.00,20,512,400,200,32,True,True,4,diag
79,95.00,20,512,400,200,32,True,True,12,diag
80,95.00,20,512,512,160,26,True,False,4,diag
81,95.00,20,512,512,160,26,True,True,4,diag
82,95.00,20,512,512,160,32,True,True,4,diag
83,95.00,20,512,512,200,26,True,True,4,diag
84,95.00,20,512,512,200,32,True,False,4,diag
85,95.00,20,512,512,200,32,True,True,12,diag
86,95.00,20,1024,400,160,26,True,False,4,diag
87,95.00,20,1024,400,160,26,True,False,8,diag
88,95.00,20,1024,400,160,26,True,True,4,diag
89,95.00,20,1024,400,160,32,True,True,4,diag
90,95.00,20,1024,400,200,26,True,False,4,diag
91,95.00,20,1024,400,200,32,True,False,4,diag
92,95.00,20,1024,400,200,32,True,True,8,diag
93,95.00,20,1024,512,160,26,True,False,4,diag
94,95.00,20,1024,512,160,26,True,True,4,diag
95,95.00,20,1024,512,160,32,True,True,4,diag
96,95.00,20,1024,512,200,32,True,False,4,diag
97,95.00,20,1024,512,200,32,True,False,12,diag
98,92.50,13,512,400,160,26,True,False,4,diag
99,92.50,13,512,400,160,26,True,False,4,tied
100,92.50,13,512,400,160,26,True,False,8,tied
101,92.50,13,512,400,160,26,True,False,12,tied
102,92.50,13,512,400,160,32,True,False,4,diag
103,92.50,13,512,400,160,32,True,False,4,tied
104,92.50,13,512,400,160,32,True,False,8,diag
105,92.50,13,512,400,160,32,True,False,8,tied
106,92.50,13,512,400,160,32,True,True,4,diag
107,92.50,13,512,400,160,32,True,False,12,tied
108,92.50,13,512,400,160,32,True,True,8,diag
109,92.50,13,512,400,160,32,True,True,8,tied
110,92.50,13,512,400,200,26,True,False,4,tied
111,92.50,13,512,400,200,26,True,False,8,tied
112,92.50,13,512,400,200,26,True,False,12,diag
113,92.50,13,512,400,200,26,True,True,4,tied
114,92.50,13,512,400,200,26,True,True,8,diag
115,92.50,13,512,400,200,26,True,False,12,tied
116,92.50,13,512,400,200,32,True,False,4,tied
117,92.50,13,512,400,200,32,True,False,8,tied
118,92.50,13,512,400,200,32,True,True,8,diag
119,92.50,13,512,400,200,32,True,True,8,tied
120,92.50,13,512,512,160,26,True,False,4,tied
121,92.50,13,512,512,160,26,True,False,8,tied
122,92.50,13,512,512,160,26,True,False,12,tied
123,92.50,13,512,512,160,26,True,True,8,diag
124,92.50,13,512,512,160,26,True,True,12,tied
125,92.50,13,512,512,160,32,True,False,4,tied
126,92.50,13,512,512,160,32,True,False,12,diag
127,92.50,13,512,512,160,32,True,False,8,diag
128,92.50,13,512,512,160,32,True,False,8,tied
129,92.50,13,512,512,160,32,True,False,12,tied
130,92.50,13,512,512,160,32,True,True,8,diag
131,92.50,13,512,512,160,32,True,True,8,tied
132,92.50,13,512,512,160,32,True,True,12,diag
133,92.50,13,512,512,160,32,True,True,12,tied
134,92.50,13,512,512,200,26,True,False,4,tied
135,92.50,13,512,512,200,26,True,False,8,tied
136,92.50,13,512,512,200,26,True,False,12,tied
137,92.50,13,512,512,200,26,True,True,12,diag
138,92.50,13,512,512,200,26,True,True,8,tied
139,92.50,13,512,512,200,32,True,False,4,tied
140,92.50,13,512,512,200,32,True,False,8,diag
141,92.50,13,512,512,200,32,True,False,8,tied
142,92.50,13,512,512,200,32,True,True,8,diag
143,92.50,13,512,512,200,32,True,True,8,tied
144,92.50,13,512,512,200,32,True,True,12,tied
145,92.50,13,1024,400,160,26,False,False,12,tied
146,92.50,13,1024,400,160,26,True,False,4,diag
147,92.50,13,1024,400,160,26,True,False,4,tied
148,92.50,13,1024,400,160,26,True,False,8,tied
149,92.50,13,1024,400,160,26,True,False,12,diag
150,92.50,13,1024,400,160,26,True,False,12,tied
151,92.50,13,1024,400,160,32,False,False,8,tied
152,92.50,13,1024,400,160,32,True,False,4,diag
153,92.50,13,1024,400,160,32,True,False,4,tied
154,92.50,13,1024,400,160,32,True,False,8,tied
155,92.50,13,1024,400,160,32,True,True,4,diag
156,92.50,13,1024,400,160,32,True,False,12,tied
157,92.50,13,1024,400,160,32,True,True,8,diag
158,92.50,13,1024,400,160,32,True,True,8,tied
159,92.50,13,1024,400,160,32,True,True,12,diag
160,92.50,13,1024,400,200,26,True,False,4,tied
161,92.50,13,1024,400,200,26,True,False,8,tied
162,92.50,13,1024,400,200,26,True,True,8,diag
163,92.50,13,1024,400,200,26,True,True,4,tied
164,92.50,13,1024,400,200,26,True,False,12,tied
165,92.50,13,1024,400,200,26,True,True,8,tied
166,92.50,13,1024,400,200,32,True,False,4,tied
167,92.50,13,1024,400,200,32,True,False,8,tied
168,92.50,13,1024,400,200,32,True,False,12,diag
169,92.50,13,1024,400,200,32,True,False,12,tied
170,92.50,13,1024,400,200,32,True,True,8,tied
171,92.50,13,1024,512,160,26,True,False,4,tied
172,92.50,13,1024,512,160,26,True,False,8,diag
173,92.50,13,1024,512,160,26,True,False,8,tied
174,92.50,13,1024,512,160,26,True,False,12,tied
175,92.50,13,1024,512,160,26,True,True,12,tied
176,92.50,13,1024,512,160,32,False,False,8,tied
177,92.50,13,1024,512,160,32,True,False,4,diag
178,92.50,13,1024,512,160,32,True,False,4,tied
179,92.50,13,1024,512,160,32,True,False,8,tied
180,92.50,13,1024,512,160,32,True,False,12,tied
181,92.50,13,1024,512,200,26,True,False,4,diag
182,92.50,13,1024,512,200,26,True,False,4,tied
183,92.50,13,1024,512,200,26,True,False,12,diag
184,92.50,13,1024,512,200,26,True,False,8,tied
185,92.50,13,1024,512,200,26,True,False,12,tied
186,92.50,13,1024,512,200,26,True,True,4,tied
187,92.50,13,1024,512,200,26,True,True,8,tied
188,92.50,13,1024,512,200,32,True,False,4,diag
189,92.50,13,1024,512,200,32,True,False,4,tied
190,92.50,13,1024,512,200,32,True,False,8,tied
191,92.50,13,1024,512,200,32,True,False,12,tied
192,92.50,16,512,400,160,26,True,False,4,diag
193,92.50,16,512,400,160,26,True,False,4,tied
194,92.50,16,512,400,160,26,True,True,4,diag
195,92.50,16,512,400,160,26,True,False,8,tied
196,92.50,16,512,400,160,26,True,False,12,tied
197,92.50,16,512,400,160,26,True,True,8,diag
198,92.50,16,512,400,160,32,True,False,4,tied
199,92.50,16,512,400,160,32,True,False,8,tied
200,92.50,16,512,400,160,32,True,False,12,tied
201,92.50,16,512,400,160,32,True,True,8,diag
202,92.50,16,512,400,160,32,True,True,12,tied
203,92.50,16,512,400,200,26,True,False,4,tied
204,92.50,16,512,400,200,26,True,False,8,diag
205,92.50,16,512,400,200,26,True,True,4,tied
206,92.50,16,512,400,200,26,True,False,12,tied
207,92.50,16,512,400,200,26,True,True,8,tied
208,92.50,16,512,400,200,32,True,False,4,tied
209,92.50,16,512,400,200,32,True,False,8,tied
210,92.50,16,512,512,160,26,True,False,4,diag
211,92.50,16,512,400,200,32,True,True,12,tied
212,92.50,16,512,512,160,26,True,False,4,tied
213,92.50,16,512,512,160,26,True,True,4,diag
214,92.50,16,512,512,160,26,True,False,12,tied
215,92.50,16,512,512,160,26,True,True,12,diag
216,92.50,16,512,512,160,32,True,False,4,tied
217,92.50,16,512,512,160,26,True,True,12,tied
218,92.50,16,512,512,160,32,True,True,4,diag
219,92.50,16,512,512,160,32,True,False,8,tied
220,92.50,16,512,512,160,32,True,False,12,tied
221,92.50,16,512,512,160,32,True,True,12,tied
222,92.50,16,512,512,200,26,True,False,4,tied
223,92.50,16,512,512,200,26,True,False,12,diag
224,92.50,16,512,512,200,26,True,False,8,tied
225,92.50,16,512,512,200,26,True,False,12,tied
226,92.50,16,512,512,200,32,True,False,4,tied
227,92.50,16,512,512,200,32,True,False,8,tied
228,92.50,16,512,512,200,32,True,True,4,tied
229,92.50,16,512,512,200,32,True,True,8,diag
230,92.50,16,512,512,200,32,True,True,8,tied
231,92.50,16,1024,400,160,26,True,False,4,diag
232,92.50,16,1024,400,160,26,True,False,4,tied
233,92.50,16,1024,400,160,26,True,False,8,diag
234,92.50,16,1024,400,160,26,True,False,8,tied
235,92.50,16,1024,400,160,26,True,False,12,diag
236,92.50,16,1024,400,160,26,True,True,4,diag
237,92.50,16,1024,400,160,26,True,False,12,tied
238,92.50,16,1024,400,160,26,True,True,12,tied
239,92.50,16,1024,400,160,32,True,False,4,tied
240,92.50,16,1024,400,160,32,True,False,8,tied
241,92.50,16,1024,400,160,32,True,False,12,tied
242,92.50,16,1024,400,160,32,True,True,8,diag
243,92.50,16,1024,400,160,32,True,True,12,diag
244,92.50,16,1024,400,200,26,True,False,4,tied
245,92.50,16,1024,400,200,26,True,False,8,diag
246,92.50,16,1024,400,160,32,True,True,12,tied
247,92.50,16,1024,400,200,26,True,False,12,diag
248,92.50,16,1024,400,200,26,True,True,4,tied
249,92.50,16,1024,400,200,26,True,True,8,tied
250,92.50,16,1024,400,200,26,True,True,12,diag
251,92.50,16,1024,400,200,32,True,False,4,tied
252,92.50,16,1024,400,200,32,True,False,12,diag
253,92.50,16,1024,400,200,32,True,False,8,tied
254,92.50,16,1024,512,160,26,True,False,4,diag
255,92.50,16,1024,400,200,32,True,True,12,tied
256,92.50,16,1024,512,160,26,True,False,4,tied
257,92.50,16,1024,512,160,26,True,False,8,diag
258,92.50,16,1024,512,160,26,True,False,8,tied
259,92.50,16,1024,512,160,26,True,True,4,diag
260,92.50,16,1024,512,160,26,True,True,8,diag
261,92.50,16,1024,512,160,26,True,True,12,diag
262,92.50,16,1024,512,160,32,True,False,4,tied
263,92.50,16,1024,512,160,32,True,False,8,tied
264,92.50,16,1024,512,160,32,True,False,12,tied
265,92.50,16,1024,512,160,32,True,True,8,tied
266,92.50,16,1024,512,200,26,True,False,4,tied
267,92.50,16,1024,512,200,26,True,False,12,diag
268,92.50,16,1024,512,200,26,True,False,12,tied
269,92.50,16,1024,512,200,26,True,True,12,tied
270,92.50,16,1024,512,200,32,True,False,4,tied
271,92.50,16,1024,512,200,32,True,False,8,tied
272,92.50,16,1024,512,200,32,True,True,12,diag
273,92.50,16,1024,512,200,32,True,True,12,tied
274,92.50,20,512,400,160,26,True,True,8,diag
275,92.50,20,512,400,160,32,True,False,8,diag
276,92.50,20,512,400,160,32,True,True,8,tied
277,92.50,20,512,400,200,26,True,False,8,diag
278,92.50,20,512,400,200,26,True,True,4,diag
279,92.50,20,512,400,200,32,True,True,8,tied
280,92.50,20,512,512,160,32,True,False,4,diag
281,92.50,20,512,512,160,32,True,False,8,diag
282,92.50,20,512,512,160,32,True,False,8,tied
283,92.50,20,512,512,160,32,True,True,4,tied
284,92.50,20,512,512,160,32,True,False,12,diag
285,92.50,20,512,512,160,32,True,True,8,diag
286,92.50,20,512,512,200,32,True,True,8,diag
287,92.50,20,1024,400,200,26,True,True,4,diag
288,92.50,20,1024,400,200,32,True,False,12,diag
289,92.50,20,1024,400,200,32,True,True,12,diag
290,92.50,20,1024,512,160,26,True,False,8,diag
291,92.50,20,1024,512,160,26,True,False,8,tied
292,92.50,20,1024,512,160,32,True,False,4,diag
293,92.50,20,1024,512,160,32,True,False,8,diag
294,92.50,20,1024,512,160,32,True,True,4,tied
295,92.50,20,1024,512,160,32,True,True,8,diag
296,92.50,20,1024,512,200,32,True,False,8,tied
297,92.50,20,1024,512,200,32,True,True,4,tied
298,92.50,20,1024,512,200,32,True,True,8,diag
299,92.50,20,1024,512,200,32,True,True,8,tied
300,90.00,13,512,400,160,26,True,False,12,diag
301,90.00,13,512,400,160,26,True,True,4,tied
302,90.00,13,512,400,160,26,True,True,8,diag
303,90.00,13,512,400,160,26,True,True,8,tied
304,90.00,13,512,400,160,32,False,False,8,tied
305,90.00,13,512,400,160,26,True,True,12,tied
306,90.00,13,512,400,160,32,True,False,12,diag
307,90.00,13,512,400,160,32,True,True,4,tied
308,90.00,13,512,400,160,32,True,True,12,tied
309,90.00,13,512,400,200,26,True,False,8,diag
310,90.00,13,512,400,200,26,True,True,12,diag
311,90.00,13,512,400,200,26,True,True,12,tied
312,90.00,13,512,400,200,32,False,False,8,tied
313,90.00,13,512,400,200,32,True,False,4,diag
314,90.00,13,512,400,200,32,True,False,12,diag
315,90.00,13,512,400,200,32,True,True,4,tied
316,90.00,13,512,400,200,32,True,False,12,tied
317,90.00,13,512,400,200,32,True,True,12,diag
318,90.00,13,512,400,200,32,True,True,12,tied
319,90.00,13,512,512,160,26,True,False,8,diag
320,90.00,13,512,512,160,26,True,True,4,tied
321,90.00,13,512,512,160,26,True,True,8,tied
322,90.00,13,512,512,160,32,False,False,8,tied
323,90.00,13,512,512,160,26,True,True,12,diag
324,90.00,13,512,512,160,32,False,False,12,tied
325,90.00,13,512,512,160,32,True,True,4,tied
326,90.00,13,512,512,200,26,False,False,8,tied
327,90.00,13,512,512,200,26,True,False,12,diag
328,90.00,13,512,512,200,26,True,True,4,tied
329,90.00,13,512,512,200,26,True,True,8,diag
330,90.00,13,512,512,200,26,True,True,12,tied
331,90.00,13,512,512,200,32,True,False,12,tied
332,90.00,13,512,512,200,32,True,True,4,tied
333,90.00,13,1024,400,160,26,True,True,4,tied
334,90.00,13,1024,400,160,26,True,True,8,diag
335,90.00,13,1024,400,160,26,True,True,8,tied
336,90.00,13,1024,400,160,26,True,True,12,tied
337,90.00,13,1024,400,160,32,False,False,12,tied
338,90.00,13,1024,400,160,32,True,False,12,diag
339,90.00,13,1024,400,160,32,True,True,4,tied
340,90.00,13,1024,400,160,32,True,True,12,tied
341,90.00,13,1024,400,200,26,True,False,12,diag
342,90.00,13,1024,400,200,26,True,True,12,diag
343,90.00,13,1024,400,200,26,True,True,12,tied
344,90.00,13,1024,400,200,32,True,False,4,diag
345,90.00,13,1024,400,200,32,True,False,8,diag
346,90.00,13,1024,400,200,32,True,True,4,tied
347,90.00,13,1024,400,200,32,True,True,8,diag
348,90.00,13,1024,400,200,32,True,True,12,diag
349,90.00,13,1024,400,200,32,True,True,12,tied
350,90.00,13,1024,512,160,26,True,True,4,tied
351,90.00,13,1024,512,160,26,True,False,12,diag
352,90.00,13,1024,512,160,26,True,True,8,diag
353,90.00,13,1024,512,160,26,True,True,8,tied
354,90.00,13,1024,512,160,26,True,True,12,diag
355,90.00,13,1024,512,160,32,True,False,12,diag
356,90.00,13,1024,512,160,32,True,True,4,tied
357,90.00,13,1024,512,160,32,True,True,8,tied
358,90.00,13,1024,512,160,32,True,True,12,diag
359,90.00,13,1024,512,200,26,False,False,8,tied
360,90.00,13,1024,512,200,26,True,False,8,diag
361,90.00,13,1024,512,200,26,True,True,8,diag
362,90.00,13,1024,512,200,26,True,True,12,tied
363,90.00,13,1024,512,200,32,True,False,8,diag
364,90.00,13,1024,512,200,32,True,False,12,diag
365,90.00,13,1024,512,200,32,True,True,4,tied
366,90.00,13,1024,512,200,32,True,True,12,diag
367,90.00,13,1024,512,200,32,True,True,8,tied
368,90.00,13,1024,512,200,32,True,True,12,tied
369,90.00,16,512,400,160,26,True,False,8,diag
370,90.00,16,512,400,160,26,True,True,4,tied
371,90.00,16,512,400,160,32,False,False,4,tied
372,90.00,16,512,400,160,32,False,False,8,tied
373,90.00,16,512,400,160,32,True,False,8,diag
374,90.00,16,512,400,160,32,True,True,4,tied
375,90.00,16,512,400,160,32,True,True,8,tied
376,90.00,16,512,400,200,26,True,False,8,tied
377,90.00,16,512,400,200,26,True,True,8,diag
378,90.00,16,512,400,200,26,True,True,12,tied
379,90.00,16,512,400,200,32,True,False,12,tied
380,90.00,16,512,400,200,32,True,True,4,tied
381,90.00,16,512,400,200,32,True,True,8,tied
382,90.00,16,512,400,200,32,True,True,12,diag
383,90.00,16,512,512,160,26,True,False,8,tied
384,90.00,16,512,512,160,26,True,True,4,tied
385,90.00,16,512,512,160,26,True,True,8,diag
386,90.00,16,512,512,160,26,True,True,8,tied
387,90.00,16,512,512,160,32,False,False,8,tied
388,90.00,16,512,512,160,32,False,False,12,tied
389,90.00,16,512,512,160,32,True,False,8,diag
390,90.00,16,512,512,160,32,True,False,12,diag
391,90.00,16,512,512,160,32,True,True,4,tied
392,90.00,16,512,512,160,32,True,True,8,diag
393,90.00,16,512,512,160,32,True,True,12,diag
394,90.00,16,512,512,200,26,True,True,4,tied
395,90.00,16,512,512,200,32,False,False,4,tied
396,90.00,16,512,512,200,26,True,True,12,diag
397,90.00,16,512,512,200,32,False,False,8,tied
398,90.00,16,512,512,200,26,True,True,12,tied
399,90.00,16,512,512,200,32,True,False,8,diag
400,90.00,16,512,512,200,32,True,False,12,tied
401,90.00,16,1024,400,160,26,True,True,4,tied
402,90.00,16,1024,400,160,26,True,True,8,diag
403,90.00,16,1024,400,160,26,True,True,12,diag
404,90.00,16,1024,400,160,32,False,False,8,tied
405,90.00,16,1024,400,160,32,True,False,8,diag
406,90.00,16,1024,400,160,32,True,False,12,diag
407,90.00,16,1024,400,160,32,True,True,4,tied
408,90.00,16,1024,400,160,32,True,True,8,tied
409,90.00,16,1024,400,200,26,True,False,8,tied
410,90.00,16,1024,400,200,26,True,False,12,tied
411,90.00,16,1024,400,200,26,True,True,12,tied
412,90.00,16,1024,400,200,32,True,True,4,tied
413,90.00,16,1024,400,200,32,True,False,12,tied
414,90.00,16,1024,400,200,32,True,True,8,tied
415,90.00,16,1024,400,200,32,True,True,12,diag
416,90.00,16,1024,512,160,26,True,True,4,tied
417,90.00,16,1024,512,160,26,True,False,12,tied
418,90.00,16,1024,512,160,26,True,True,8,tied
419,90.00,16,1024,512,160,32,False,False,8,tied
420,90.00,16,1024,512,160,26,True,True,12,tied
421,90.00,16,1024,512,160,32,False,False,12,tied
422,90.00,16,1024,512,160,32,True,False,8,diag
423,90.00,16,1024,512,160,32,True,False,12,diag
424,90.00,16,1024,512,160,32,True,True,4,tied
425,90.00,16,1024,512,160,32,True,True,12,diag
426,90.00,16,1024,512,160,32,True,True,12,tied
427,90.00,16,1024,512,160,32,True,True,8,diag
428,90.00,16,1024,512,200,26,True,False,8,tied
429,90.00,16,1024,512,200,26,True,True,4,tied
430,90.00,16,1024,512,200,32,False,False,8,tied
431,90.00,16,1024,512,200,32,True,False,8,diag
432,90.00,16,1024,512,200,32,True,False,12,diag
433,90.00,16,1024,512,200,32,True,False,12,tied
434,90.00,16,1024,512,200,32,True,True,4,tied
435,90.00,16,1024,512,200,32,True,True,8,diag
436,90.00,16,1024,512,200,32,True,True,8,tied
437,90.00,20,512,400,160,26,True,False,8,diag
438,90.00,20,512,400,160,32,True,False,4,diag
439,90.00,20,512,400,160,32,True,True,4,tied
440,90.00,20,512,400,160,32,True,False,8,tied
441,90.00,20,512,400,160,32,True,True,12,tied
442,90.00,20,512,400,200,26,True,False,12,diag
443,90.00,20,512,400,200,26,True,True,8,diag
444,90.00,20,512,400,200,26,True,False,8,tied
445,90.00,20,512,400,200,26,True,True,12,diag
446,90.00,20,512,400,200,32,True,False,4,tied
447,90.00,20,512,400,200,32,True,False,12,tied
448,90.00,20,512,512,160,26,True,False,8,diag
449,90.00,20,512,512,160,26,True,False,8,tied
450,90.00,20,512,512,160,26,True,True,8,tied
451,90.00,20,512,512,160,32,True,False,4,tied
452,90.00,20,512,512,160,32,True,False,12,tied
453,90.00,20,512,512,160,32,True,True,8,tied
454,90.00,20,512,512,160,32,True,True,12,diag
455,90.00,20,512,512,160,32,True,True,12,tied
456,90.00,20,512,512,200,26,True,False,8,diag
457,90.00,20,512,512,200,26,True,True,8,diag
458,90.00,20,512,512,200,26,True,True,12,diag
459,90.00,20,512,512,200,32,True,False,8,diag
460,90.00,20,512,512,200,32,True,False,8,tied
461,90.00,20,512,512,200,32,True,True,4,tied
462,90.00,20,512,512,200,32,True,True,8,tied
463,90.00,20,1024,400,160,26,True,False,12,diag
464,90.00,20,1024,400,160,32,True,False,4,diag
465,90.00,20,1024,400,160,32,True,False,8,tied
466,90.00,20,1024,400,160,32,True,False,12,diag
467,90.00,20,1024,400,160,32,True,True,4,tied
468,90.00,20,1024,400,160,32,True,True,8,tied
469,90.00,20,1024,400,200,26,True,False,8,tied
470,90.00,20,1024,400,200,26,True,True,8,diag
471,90.00,20,1024,400,200,26,True,True,12,diag
472,90.00,20,1024,400,200,32,True,False,4,tied
473,90.00,20,1024,400,200,32,True,False,8,diag
474,90.00,20,1024,400,200,32,True,False,8,tied
475,90.00,20,1024,400,200,32,True,True,8,tied
476,90.00,20,1024,512,160,26,True,True,8,tied
477,90.00,20,1024,512,160,32,True,False,12,diag
478,90.00,20,1024,512,160,32,True,False,8,tied
479,90.00,20,1024,512,160,32,True,False,12,tied
480,90.00,20,1024,512,160,32,True,True,8,tied
481,90.00,20,1024,512,160,32,True,True,12,diag
482,90.00,20,1024,512,200,26,True,False,8,diag
483,90.00,20,1024,512,200,26,True,False,12,tied
484,90.00,20,1024,512,200,26,True,True,8,diag
485,90.00,20,1024,512,200,26,True,True,12,diag
486,90.00,20,1024,512,200,32,True,False,4,tied
487,90.00,20,1024,512,200,32,True,False,8,diag
488,90.00,20,1024,512,200,32,True,False,12,tied
489,90.00,20,1024,512,200,32,True,True,12,diag
490,87.50,13,512,400,160,26,False,False,8,tied
491,87.50,13,512,400,160,26,False,False,12,tied
492,87.50,13,512,400,160,26,True,False,8,diag
493,87.50,13,512,400,160,26,True,True,4,diag
494,87.50,13,512,400,160,32,False,False,4,tied
495,87.50,13,512,400,200,26,False,False,4,tied
496,87.50,13,512,400,200,26,False,False,8,tied
497,87.50,13,512,400,200,32,False,False,4,tied
498,87.50,13,512,400,200,32,True,False,8,diag
499,87.50,13,512,512,160,26,True,False,12,diag
500,87.50,13,512,512,160,26,True,True,4,diag
501,87.50,13,512,512,160,32,False,False,4,tied
502,87.50,13,512,512,200,26,False,False,4,tied
503,87.50,13,512,512,200,26,False,False,12,tied
504,87.50,13,512,512,200,26,True,False,8,diag
505,87.50,13,512,512,200,32,False,False,4,tied
506,87.50,13,512,512,200,32,False,False,8,tied
507,87.50,13,512,512,200,32,False,False,12,tied
508,87.50,13,1024,400,160,26,True,False,8,diag
509,87.50,13,1024,400,160,26,True,True,4,diag
510,87.50,13,1024,400,160,32,False,False,4,tied
511,87.50,13,1024,400,160,32,True,False,8,diag
512,87.50,13,1024,400,200,26,False,False,4,tied
513,87.50,13,1024,400,200,26,False,False,8,tied
514,87.50,13,1024,400,200,26,True,False,8,diag
515,87.50,13,1024,400,200,32,False,False,4,tied
516,87.50,13,1024,512,160,26,False,False,8,tied
517,87.50,13,1024,512,160,26,True,True,4,diag
518,87.50,13,1024,512,160,32,False,False,4,tied
519,87.50,13,1024,512,160,32,False,False,12,tied
520,87.50,13,1024,512,160,32,True,False,8,diag
521,87.50,13,1024,512,160,32,True,True,8,diag
522,87.50,13,1024,512,200,26,False,False,4,tied
523,87.50,13,1024,512,200,32,False,False,4,tied
524,87.50,13,1024,512,200,32,False,False,8,tied
525,87.50,13,1024,512,200,32,False,False,12,tied
526,87.50,16,512,400,160,26,False,False,12,tied
527,87.50,16,512,400,160,26,True,False,12,diag
528,87.50,16,512,400,160,26,True,True,12,diag
529,87.50,16,512,400,160,26,True,True,8,tied
530,87.50,16,512,400,160,26,True,True,12,tied
531,87.50,16,512,400,160,32,True,False,12,diag
532,87.50,16,512,400,200,26,False,False,4,tied
533,87.50,16,512,400,200,26,False,False,12,tied
534,87.50,16,512,400,200,32,False,False,4,tied
535,87.50,16,512,400,200,32,True,False,12,diag
536,87.50,16,512,400,200,32,True,False,8,diag
537,87.50,16,512,512,160,26,False,False,4,tied
538,87.50,16,512,512,160,26,False,False,8,tied
539,87.50,16,512,512,160,26,False,False,12,tied
540,87.50,16,512,512,160,26,True,False,8,diag
541,87.50,16,512,512,160,26,True,False,12,diag
542,87.50,16,512,512,160,32,False,False,4,tied
543,87.50,16,512,512,200,26,False,False,4,tied
544,87.50,16,512,512,200,26,False,False,8,tied
545,87.50,16,1024,400,160,26,False,False,4,tied
546,87.50,16,1024,400,160,32,False,False,4,tied
547,87.50,16,1024,400,160,26,True,True,8,tied
548,87.50,16,1024,400,160,32,False,False,12,tied
549,87.50,16,1024,400,200,26,False,False,4,tied
550,87.50,16,1024,400,200,26,False,False,8,tied
551,87.50,16,1024,400,200,26,False,False,12,tied
552,87.50,16,1024,400,200,32,False,False,4,tied
553,87.50,16,1024,400,200,32,False,False,12,tied
554,87.50,16,1024,400,200,32,True,False,8,diag
555,87.50,16,1024,512,160,26,False,False,4,tied
556,87.50,16,1024,512,160,26,False,False,8,tied
557,87.50,16,1024,512,160,26,True,False,12,diag
558,87.50,16,1024,512,160,32,False,False,4,tied
559,87.50,16,1024,512,200,26,False,False,4,tied
560,87.50,16,1024,512,200,26,False,False,8,tied
561,87.50,16,1024,512,200,32,False,False,4,tied
562,87.50,20,512,400,160,26,True,False,4,tied
563,87.50,20,512,400,160,26,True,True,4,tied
564,87.50,20,512,400,160,26,True,False,12,diag
565,87.50,20,512,400,160,26,True,False,12,tied
566,87.50,20,512,400,160,26,True,True,8,tied
567,87.50,20,512,400,160,26,True,True,12,tied
568,87.50,20,512,400,160,32,True,False,4,tied
569,87.50,20,512,400,160,32,True,False,12,diag
570,87.50,20,512,400,160,32,True,False,12,tied
571,87.50,20,512,400,160,32,True,True,8,diag
572,87.50,20,512,400,160,32,True,True,12,diag
573,87.50,20,512,400,200,32,False,False,8,tied
574,87.50,20,512,400,200,32,True,False,8,tied
575,87.50,20,512,400,200,32,True,False,8,diag
576,87.50,20,512,400,200,32,True,True,4,tied
577,87.50,20,512,512,160,26,True,False,4,tied
578,87.50,20,512,512,160,26,True,True,4,tied
579,87.50,20,512,512,160,26,True,True,12,diag
580,87.50,20,512,512,160,26,True,True,12,tied
581,87.50,20,512,512,200,26,True,False,4,tied
582,87.50,20,512,512,200,26,True,False,12,diag
583,87.50,20,512,512,200,26,True,False,8,tied
584,87.50,20,512,512,200,26,True,False,12,tied
585,87.50,20,512,512,200,26,True,True,8,tied
586,87.50,20,512,512,200,32,True,False,4,tied
587,87.50,20,512,512,200,32,True,False,12,tied
588,87.50,20,512,512,200,32,True,True,12,tied
589,87.50,20,1024,400,160,26,True,False,4,tied
590,87.50,20,1024,400,160,26,True,True,4,tied
591,87.50,20,1024,400,160,26,True,False,12,tied
592,87.50,20,1024,400,160,26,True,True,8,diag
593,87.50,20,1024,400,160,26,True,True,8,tied
594,87.50,20,1024,400,160,26,True,True,12,tied
595,87.50,20,1024,400,160,32,True,False,4,tied
596,87.50,20,1024,400,160,32,True,False,8,diag
597,87.50,20,1024,400,160,32,True,False,12,tied
598,87.50,20,1024,400,160,32,True,True,8,diag
599,87.50,20,1024,400,160,32,True,True,12,diag
600,87.50,20,1024,400,160,32,True,True,12,tied
601,87.50,20,1024,400,200,26,True,False,12,diag
602,87.50,20,1024,400,200,32,True,True,4,tied
603,87.50,20,1024,400,200,32,True,False,12,tied
604,87.50,20,1024,400,200,32,True,True,12,tied
605,87.50,20,1024,512,160,26,True,False,4,tied
606,87.50,20,1024,512,160,26,True,False,12,diag
607,87.50,20,1024,512,160,26,True,True,12,diag
608,87.50,20,1024,512,160,26,True,True,12,tied
609,87.50,20,1024,512,160,26,True,True,4,tied
610,87.50,20,1024,512,160,32,True,False,4,tied
611,87.50,20,1024,512,160,32,True,True,12,tied
612,87.50,20,1024,512,200,26,True,False,4,tied
613,87.50,20,1024,512,200,26,True,False,12,diag
614,87.50,20,1024,512,200,26,True,False,8,tied
615,87.50,20,1024,512,200,26,True,True,8,tied
616,87.50,20,1024,512,200,32,False,False,12,tied
617,85.00,13,512,400,160,26,False,False,4,tied
618,85.00,13,512,400,200,32,False,False,12,tied
619,85.00,13,512,512,160,26,False,False,4,tied
620,85.00,13,512,512,160,26,False,False,8,tied
621,85.00,13,512,512,160,26,False,False,12,diag
622,85.00,13,512,512,200,32,False,False,12,diag
623,85.00,13,1024,400,160,26,False,False,4,tied
624,85.00,13,1024,400,160,26,False,False,8,tied
625,85.00,13,1024,400,200,26,False,False,12,tied
626,85.00,13,1024,400,200,32,False,False,12,tied
627,85.00,13,1024,512,160,26,False,False,4,tied
628,85.00,13,1024,512,160,26,False,False,12,tied
629,85.00,16,512,400,160,26,False,False,4,tied
630,85.00,16,512,400,160,26,False,False,8,tied
631,85.00,16,512,400,200,26,False,False,8,tied
632,85.00,16,512,400,200,32,False,False,8,tied
633,85.00,16,512,400,200,32,False,False,12,tied
634,85.00,16,512,512,200,26,False,False,12,tied
635,85.00,16,1024,400,160,26,False,False,12,tied
636,85.00,16,1024,400,200,32,False,False,8,tied
637,85.00,16,1024,512,160,26,False,False,12,tied
638,85.00,16,1024,512,200,32,False,False,12,diag
639,85.00,16,1024,512,200,32,False,False,12,tied
640,85.00,20,512,400,160,26,True,False,8,tied
641,85.00,20,512,400,160,26,True,True,12,diag
642,85.00,20,512,400,200,26,False,False,8,diag
643,85.00,20,512,400,200,26,True,False,4,tied
644,85.00,20,512,400,200,26,True,True,4,tied
645,85.00,20,512,400,200,26,True,False,12,tied
646,85.00,20,512,400,200,32,False,False,4,tied
647,85.00,20,512,400,200,26,True,True,8,tied
648,85.00,20,512,400,200,26,True,True,12,tied
649,85.00,20,512,400,200,32,True,False,12,diag
650,85.00,20,512,400,200,32,True,True,12,tied
651,85.00,20,512,512,160,26,True,False,12,diag
652,85.00,20,512,512,160,26,True,True,8,diag
653,85.00,20,512,512,200,26,True,True,4,tied
654,85.00,20,512,512,200,32,False,False,4,tied
655,85.00,20,512,512,200,32,False,False,12,tied
656,85.00,20,1024,400,160,26,True,False,8,tied
657,85.00,20,1024,400,160,26,True,True,12,diag
658,85.00,20,1024,400,200,26,True,False,8,diag
659,85.00,20,1024,400,200,26,True,False,4,tied
660,85.00,20,1024,400,200,26,True,True,4,tied
661,85.00,20,1024,400,200,26,True,False,12,tied
662,85.00,20,1024,400,200,32,False,False,4,tied
663,85.00,20,1024,400,200,26,True,True,8,tied
664,85.00,20,1024,400,200,32,False,False,8,tied
665,85.00,20,1024,400,200,26,True,True,12,tied
666,85.00,20,1024,512,160,26,True,True,8,diag
667,85.00,20,1024,512,160,26,True,False,12,tied
668,85.00,20,1024,512,200,26,True,True,4,tied
669,85.00,20,1024,512,200,32,False,False,4,tied
670,82.50,13,512,400,160,32,False,False,12,diag
671,82.50,13,512,400,160,32,False,False,12,tied
672,82.50,13,512,400,200,26,False,False,12,tied
673,82.50,13,512,400,200,32,False,False,12,diag
674,82.50,13,512,512,160,26,False,False,12,tied
675,82.50,13,1024,400,160,32,False,False,12,diag
676,82.50,13,1024,400,200,32,False,False,8,tied
677,82.50,13,1024,512,160,26,False,False,12,diag
678,82.50,13,1024,512,200,26,False,False,12,tied
679,82.50,13,1024,512,200,32,False,False,12,diag
680,82.50,16,512,400,160,26,False,False,12,diag
681,82.50,16,512,400,200,26,False,False,8,diag
682,82.50,16,512,512,160,26,False,False,8,diag
683,82.50,16,512,512,160,32,False,False,8,diag
684,82.50,16,512,512,160,32,False,False,12,diag
685,82.50,16,512,512,200,32,False,False,4,diag
686,82.50,16,512,512,200,32,False,False,12,diag
687,82.50,16,512,512,200,32,False,False,12,tied
688,82.50,16,1024,400,160,26,False,False,8,tied
689,82.50,16,1024,400,160,26,False,False,12,diag
690,82.50,16,1024,400,200,26,False,False,12,diag
691,82.50,16,1024,512,160,26,False,False,8,diag
692,82.50,16,1024,512,160,32,False,False,12,diag
693,82.50,16,1024,512,200,26,False,False,12,diag
694,82.50,16,1024,512,200,26,False,False,12,tied
695,82.50,16,1024,512,200,32,False,False,4,diag
696,82.50,20,512,400,160,26,False,False,4,tied
697,82.50,20,512,400,160,26,False,False,8,tied
698,82.50,20,512,400,160,26,False,False,12,tied
699,82.50,20,512,400,160,32,False,False,4,tied
700,82.50,20,512,400,160,32,False,False,8,tied
701,82.50,20,512,400,160,32,False,False,12,diag
702,82.50,20,512,400,200,26,False,False,8,tied
703,82.50,20,512,512,160,26,False,False,8,tied
704,82.50,20,512,512,160,32,False,False,4,tied
705,82.50,20,512,512,160,26,True,False,12,tied
706,82.50,20,512,512,160,32,False,False,8,tied
707,82.50,20,512,512,160,32,False,False,12,tied
708,82.50,20,512,512,200,26,False,False,12,tied
709,82.50,20,512,512,200,26,True,True,12,tied
710,82.50,20,1024,400,160,26,False,False,8,tied
711,82.50,20,1024,400,160,26,False,False,12,tied
712,82.50,20,1024,400,160,32,False,False,4,tied
713,82.50,20,1024,400,160,32,False,False,12,diag
714,82.50,20,1024,400,160,32,False,False,12,tied
715,82.50,20,1024,400,200,26,False,False,8,diag
716,82.50,20,1024,400,200,26,False,False,8,tied
717,82.50,20,1024,400,200,32,False,False,12,tied
718,82.50,20,1024,512,160,26,False,False,12,tied
719,82.50,20,1024,512,160,26,False,False,8,tied
720,82.50,20,1024,512,160,32,False,False,4,tied
721,82.50,20,1024,512,160,32,False,False,12,tied
722,82.50,20,1024,512,200,26,False,False,12,tied
723,82.50,20,1024,512,200,32,False,False,12,diag
724,82.50,20,1024,512,200,26,True,True,12,tied
725,82.50,20,1024,512,200,32,True,True,12,tied
726,80.00,13,512,400,160,26,False,False,8,diag
727,80.00,13,512,400,200,32,False,False,8,diag
728,80.00,13,512,512,160,26,False,False,4,diag
729,80.00,13,512,512,160,32,False,False,4,diag
730,80.00,13,1024,512,160,26,False,False,8,diag
731,80.00,16,512,400,160,32,False,False,8,diag
732,80.00,16,512,400,160,32,False,False,12,tied
733,80.00,16,512,400,200,26,False,False,12,diag
734,80.00,16,512,400,200,32,False,False,12,diag
735,80.00,16,512,512,160,26,False,False,4,diag
736,80.00,16,512,512,160,32,False,False,4,diag
737,80.00,16,512,512,200,26,False,False,4,diag
738,80.00,16,512,512,200,26,False,False,8,diag
739,80.00,16,512,512,200,26,False,False,12,diag
740,80.00,16,1024,400,200,26,False,False,8,diag
741,80.00,16,1024,512,160,26,False,False,4,diag
742,80.00,16,1024,512,160,26,False,False,12,diag
743,80.00,16,1024,512,160,32,False,False,4,diag
744,80.00,16,1024,512,160,32,False,False,8,diag
745,80.00,16,1024,512,200,26,False,False,4,diag
746,80.00,16,1024,512,200,26,False,False,8,diag
747,80.00,20,512,400,160,26,False,False,12,diag
748,80.00,20,512,400,160,32,False,False,12,tied
749,80.00,20,512,400,200,26,False,False,12,tied
750,80.00,20,512,400,200,32,False,False,8,diag
751,80.00,20,512,400,200,32,False,False,12,diag
752,80.00,20,512,400,200,32,False,False,12,tied
753,80.00,20,512,512,160,26,False,False,12,tied
754,80.00,20,512,512,160,32,False,False,12,diag
755,80.00,20,512,512,200,26,False,False,12,diag
756,80.00,20,512,512,200,32,False,False,8,tied
757,80.00,20,1024,400,160,26,False,False,4,tied
758,80.00,20,1024,400,160,26,False,False,8,diag
759,80.00,20,1024,400,160,32,False,False,8,tied
760,80.00,20,1024,400,200,26,False,False,12,diag
761,80.00,20,1024,400,200,26,False,False,12,tied
762,80.00,20,1024,400,200,32,False,False,8,diag
763,80.00,20,1024,400,200,32,False,False,12,diag
764,80.00,20,1024,512,160,26,False,False,8,diag
765,80.00,20,1024,512,160,32,False,False,8,tied
766,80.00,20,1024,512,160,32,False,False,12,diag
767,80.00,20,1024,512,200,26,False,False,8,tied
768,80.00,20,1024,512,200,32,False,False,8,tied
769,77.50,13,512,400,160,26,False,False,4,diag
770,77.50,13,512,400,160,26,False,False,12,diag
771,77.50,13,512,400,160,32,False,False,4,diag
772,77.50,13,512,400,160,32,False,False,8,diag
773,77.50,13,512,400,200,26,False,False,8,diag
774,77.50,13,512,400,200,26,False,False,12,diag
775,77.50,13,512,512,160,26,False,False,8,diag
776,77.50,13,512,512,160,32,False,False,12,diag
777,77.50,13,512,512,200,26,False,False,4,diag
778,77.50,13,512,512,200,26,False,False,12,diag
779,77.50,13,512,512,200,32,False,False,4,diag
780,77.50,13,512,512,200,32,False,False,8,diag
781,77.50,13,1024,400,160,26,False,False,4,diag
782,77.50,13,1024,400,160,26,False,False,8,diag
783,77.50,13,1024,400,160,32,False,False,4,diag
784,77.50,13,1024,400,160,32,False,False,8,diag
785,77.50,13,1024,400,200,26,False,False,8,diag
786,77.50,13,1024,400,200,26,False,False,12,diag
787,77.50,13,1024,400,200,32,False,False,12,diag
788,77.50,13,1024,512,160,26,False,False,4,diag
789,77.50,13,1024,512,160,32,False,False,4,diag
790,77.50,13,1024,512,200,26,False,False,4,diag
791,77.50,13,1024,512,200,26,False,False,8,diag
792,77.50,13,1024,512,200,26,False,False,12,diag
793,77.50,13,1024,512,200,32,False,False,4,diag
794,77.50,16,512,400,160,26,False,False,8,diag
795,77.50,16,512,400,160,32,False,False,4,diag
796,77.50,16,512,400,160,32,False,False,12,diag
797,77.50,16,512,400,200,26,False,False,4,diag
798,77.50,16,512,400,200,32,False,False,8,diag
799,77.50,16,512,400,200,32,False,False,4,diag
800,77.50,16,512,512,160,26,False,False,12,diag
801,77.50,16,512,512,200,32,False,False,8,diag
802,77.50,16,1024,400,160,26,False,False,4,diag
803,77.50,16,1024,400,160,32,False,False,4,diag
804,77.50,16,1024,400,160,32,False,False,12,diag
805,77.50,16,1024,400,160,32,False,False,8,diag
806,77.50,16,1024,400,200,26,False,False,4,diag
807,77.50,16,1024,400,200,32,False,False,4,diag
808,77.50,16,1024,400,200,32,False,False,8,diag
809,77.50,16,1024,512,200,32,False,False,8,diag
810,77.50,20,512,400,160,26,False,False,4,diag
811,77.50,20,512,400,160,26,False,False,8,diag
812,77.50,20,512,400,200,26,False,False,4,diag
813,77.50,20,512,400,200,26,False,False,4,tied
814,77.50,20,512,512,160,26,False,False,8,diag
815,77.50,20,512,512,160,26,False,False,4,tied
816,77.50,20,512,512,160,26,False,False,12,diag
817,77.50,20,512,512,200,26,False,False,4,diag
818,77.50,20,512,512,200,26,False,False,4,tied
819,77.50,20,512,512,200,26,False,False,8,diag
820,77.50,20,512,512,200,26,False,False,8,tied
821,77.50,20,1024,400,160,26,False,False,12,diag
822,77.50,20,1024,400,200,26,False,False,4,diag
823,77.50,20,1024,400,200,26,False,False,4,tied
824,77.50,20,1024,512,160,26,False,False,4,tied
825,77.50,20,1024,512,160,26,False,False,12,diag
826,77.50,20,1024,512,200,26,False,False,4,diag
827,77.50,20,1024,512,200,26,False,False,4,tied
828,77.50,20,1024,512,200,26,False,False,12,diag
829,75.00,13,512,400,200,32,False,False,4,diag
830,75.00,13,512,512,160,32,False,False,8,diag
831,75.00,13,512,512,200,26,False,False,8,diag
832,75.00,13,1024,400,160,26,False,False,12,diag
833,75.00,13,1024,400,200,26,False,False,4,diag
834,75.00,13,1024,400,200,32,False,False,4,diag
835,75.00,13,1024,400,200,32,False,False,8,diag
836,75.00,13,1024,512,160,32,False,False,8,diag
837,75.00,13,1024,512,160,32,False,False,12,diag
838,75.00,16,512,400,160,26,False,False,4,diag
839,75.00,16,1024,400,200,32,False,False,12,diag
840,75.00,20,512,400,200,26,False,False,12,diag
841,75.00,20,512,400,200,32,False,False,4,diag
842,75.00,20,512,512,160,26,False,False,4,diag
843,75.00,20,512,512,160,32,False,False,4,diag
844,75.00,20,512,512,160,32,False,False,8,diag
845,75.00,20,512,512,200,32,False,False,4,diag
846,75.00,20,512,512,200,32,False,False,8,diag
847,75.00,20,512,512,200,32,False,False,12,diag
848,75.00,20,1024,400,200,32,False,False,4,diag
849,75.00,20,1024,512,160,26,False,False,4,diag
850,75.00,20,1024,512,160,32,False,False,4,diag
851,75.00,20,1024,512,160,32,False,False,8,diag
852,75.00,20,1024,512,200,26,False,False,8,diag
853,75.00,20,1024,512,200,32,False,False,4,diag
854,75.00,20,1024,512,200,32,False,False,8,diag
855,72.50,13,512,400,200,26,False,False,4,diag
856,72.50,13,1024,512,200,32,False,False,8,diag
857,72.50,16,1024,400,160,26,False,False,8,diag
858,72.50,20,512,400,160,32,False,False,4,diag
859,72.50,20,512,400,160,32,False,False,8,diag
860,72.50,20,1024,400,160,26,False,False,4,diag
861,72.50,20,1024,400,160,32,False,False,4,diag
862,72.50,20,1024,400,160,32,False,False,8,diag
